{"good_price": "гд15.00", "good_couunts": "889", "good_link": "/pubg/578080/product-611199", "good_image": "//static.igxe.cn/steam/image/578080/73591da0aea5c1a51a5af04bae89f9af.png", "good_name": "TRIUMPH CRATE"}
{"good_price": "гд6.25", "good_couunts": "763", "good_link": "/pubg/578080/product-611198", "good_image": "//static.igxe.cn/steam/image/578080/1029b5c767e94ce2b990f9820434b7cc.png", "good_name": "RAIDER CRATE"}
{"good_price": "гд311.80", "good_couunts": "53", "good_link": "/pubg/578080/product-611268", "good_image": "//static.igxe.cn/steam/image/578080/e6549b91060dedc1a1fcabd1e9b7d364.png", "good_name": "Desert Digital - M416"}
{"good_price": "гд184.16", "good_couunts": "19", "good_link": "/pubg/578080/product-611262", "good_image": "//static.igxe.cn/steam/image/578080/4fcaea7054cdd9f7e4047d89f4b4273d.png", "good_name": "Trifecta - SCAR-L"}
{"good_price": "гд810.00", "good_couunts": "19", "good_link": "/pubg/578080/product-611221", "good_image": "//static.igxe.cn/steam/image/578080/f611294b93e0fd43fdb80bd49aad9551.png", "good_name": "Turquoise Delight - Kar98k"}
{"good_price": "гд699.20", "good_couunts": "9", "good_link": "/pubg/578080/product-611217", "good_image": "//static.igxe.cn/steam/image/578080/924fa236c7039ac827635649833a5ef3.png", "good_name": "Turquoise Delight - M16A4"}
{"good_price": "гд162.00", "good_couunts": "12", "good_link": "/pubg/578080/product-611278", "good_image": "//static.igxe.cn/steam/image/578080/2ed3f0dacccda1a2eb679f0243b59af0.png", "good_name": "Gold Plate - SKS"}
{"good_price": "гд106.00", "good_couunts": "55", "good_link": "/pubg/578080/product-611276", "good_image": "//static.igxe.cn/steam/image/578080/1edb6b1f53fe178321df7b77cdd695e8.png", "good_name": "Desert Digital - Kar98k"}
{"good_price": "гд153.50", "good_couunts": "24", "good_link": "/pubg/578080/product-611215", "good_image": "//static.igxe.cn/steam/image/578080/69831e5d6cedae5762a564d22ca0a350.png", "good_name": "Silver Plate - SCAR-L"}
{"good_price": "гд161.99", "good_couunts": "21", "good_link": "/pubg/578080/product-611277", "good_image": "//static.igxe.cn/steam/image/578080/caac71f9d886243cf59c0d1096b4a437.png", "good_name": "Glory - UMP9"}
{"good_price": "гд20.00", "good_couunts": "96", "good_link": "/pubg/578080/product-611275", "good_image": "//static.igxe.cn/steam/image/578080/841dafc6a86edca25e194d3a09b7d06c.png", "good_name": "Rugged (Orange) - AKM"}
{"good_price": "гд23.00", "good_couunts": "122", "good_link": "/pubg/578080/product-611273", "good_image": "//static.igxe.cn/steam/image/578080/49462eebddaa83441bd232cd1e655568.png", "good_name": "Rugged (Orange) - Kar98k"}
{"good_price": "гд59.79", "good_couunts": "79", "good_link": "/pubg/578080/product-611272", "good_image": "//static.igxe.cn/steam/image/578080/96382cced3669f774967b39dc6258a06.png", "good_name": "Rugged (Orange) - M416"}
{"good_price": "гд6.36", "good_couunts": "119", "good_link": "/pubg/578080/product-611271", "good_image": "//static.igxe.cn/steam/image/578080/01a561acb6171b2b83b988ffec1c919d.png", "good_name": "Rugged (Orange) - UMP9"}
{"good_price": "гд13.50", "good_couunts": "75", "good_link": "/pubg/578080/product-611270", "good_image": "//static.igxe.cn/steam/image/578080/9dca5e02a1f4233b7bd196308140631c.png", "good_name": "Rugged (Orange) - SCAR-L"}
{"good_price": "гд779.50", "good_couunts": "11", "good_link": "/pubg/578080/product-611267", "good_image": "//static.igxe.cn/steam/image/578080/78af761992420bb277274fed81dcc4ce.png", "good_name": "Glory - AKM"}
{"good_price": "гд60.00", "good_couunts": "20", "good_link": "/pubg/578080/product-611211", "good_image": "//static.igxe.cn/steam/image/578080/4187334595654968f03f6a23f3ffe2ce.png", "good_name": "Jungle Digital - AWM"}
{"good_price": "гд333.00", "good_couunts": "6", "good_link": "/pubg/578080/product-611219", "good_image": "//static.igxe.cn/steam/image/578080/3397089d2bee921b042dd79538ebd09c.png", "good_name": "Gold Plate - S686"}
{"good_price": "гд12.99", "good_couunts": "73", "good_link": "/pubg/578080/product-611280", "good_image": "//static.igxe.cn/steam/image/578080/b6d39d45f76cfba7c778c48e074d942b.png", "good_name": "Desert Digital - Mini14"}
{"good_price": "гд49.90", "good_couunts": "15", "good_link": "/pubg/578080/product-611213", "good_image": "//static.igxe.cn/steam/image/578080/6e1156d370af546dc531d3406dd95bca.png", "good_name": "Jungle Digital - SKS"}
